{
  "homme": {
    "25m": {
      "libre": {
        "50": "00:19.90",
        "100": "00:44.84",
        "200": "01:38.61",
        "400": "03:32.25",
        "800": "07:20.46",
        "1500": "14:06.88"
      },
      "dos": {
        "50": "00:22.11",
        "100": "00:48.33",
        "200": "01:45.63"
      },
      "brasse": {
        "50": "00:24.95",
        "100": "00:55.28",
        "200": "02:00.16"
      },
      "papillon": {
        "50": "00:21.32",
        "100": "00:47.71",
        "200": "01:46.85"
      },
      "4nages": {
        "100": "00:00.00",
        "200": "00:00.00",
        "400": "00:00.00"
      }
    },
    "50m": {
      "libre": {
        "50": "00:20.91",
        "100": "00:46.40",
        "200": "01:42.00",
        "400": "03:40.07",
        "800": "07:32.12",
        "1500": "14:30.67"
      },
      "dos": {
        "50": "00:23.55",
        "100": "00:51.60",
        "200": "01:51.92"
      },
      "brasse": {
        "50": "00:25.95",
        "100": "00:56.88",
        "200": "02:05.48"
      },
      "papillon": {
        "50": "00:22.27",
        "100": "00:49.45",
        "200": "01:50.34"
      },
      "4nages": {
        "200": "00:00.00",
        "400": "00:00.00"
      }
    }
  },
  "femme": {
    "25m": {
      "libre": {
        "50": "00:22.83",
        "100": "00:50.25",
        "200": "01:50.31",
        "400": "03:50.25",
        "800": "07:57.42",
        "1500": "15:08.24"
      },
      "dos": {
        "50": "00:25.23",
        "100": "00:54.02",
        "200": "01:58.04"
      },
      "brasse": {
        "50": "00:28.37",
        "100": "01:02.36",
        "200": "02:12.50"
      },
      "papillon": {
        "50": "00:23.94",
        "100": "00:52.71",
        "200": "01:59.32"
      },
      "4nages": {
        "100": "00:00.00",
        "200": "00:00.00",
        "400": "00:00.00"
      }
    },
    "50m": {
      "libre": {
        "50": "00:23.61",
        "100": "00:51.71",
        "200": "01:52.23",
        "400": "03:55.38",
        "800": "08:04.79",
        "1500": "15:20.48"
      },
      "dos": {
        "50": "00:26.86",
        "100": "00:57.13",
        "200": "02:03.14"
      },
      "brasse": {
        "50": "00:29.16",
        "100": "01:04.13",
        "200": "02:17.55"
      },
      "papillon": {
        "50": "00:24.43",
        "100": "00:55.18",
        "200": "02:01.81"
      },
      "4nages": {
        "200": "00:00.00",
        "400": "00:00.00"
      }
    }
  }
}
