{
  "25m": {
    "male": {
      "freestyle": {
        "50": 20.16,
        "100": 44.84,
        "200": 100.08,
        "400": 210.97,
        "800": 437.82,
        "1500": 831.02
      },
      "backstroke": {
        "50": 22.22,
        "100": 48.33,
        "200": 106.64
      },
      "breaststroke": {
        "50": 25.25,
        "100": 55.41,
        "200": 121.88
      },
      "butterfly": {
        "50": 21.75,
        "100": 48.08,
        "200": 106.95
      },
      "medley": {
        "100": 50.26,
        "200": 110.34,
        "400": 236.93
      }
    },
    "female": {
      "freestyle": {
        "50": 22.93,
        "100": 50.25,
        "200": 110.89,
        "400": 233.24,
        "800": 481.65,
        "1500": 911.79
      },
      "backstroke": {
        "50": 25.27,
        "100": 54.56,
        "200": 119.34
      },
      "breaststroke": {
        "50": 28.56,
        "100": 62.36,
        "200": 136.31
      },
      "butterfly": {
        "50": 24.43,
        "100": 54.06,
        "200": 119.61
      },
      "medley": {
        "100": 56.51,
        "200": 123.60,
        "400": 262.49
      }
    }
  },
  "50m": {
    "male": {
      "freestyle": {
        "50": 20.91,
        "100": 46.86,
        "200": 102.00,
        "400": 220.07,
        "800": 452.12,
        "1500": 863.22
      },
      "backstroke": {
        "50": 23.71,
        "100": 51.85,
        "200": 111.92
      },
      "breaststroke": {
        "50": 25.95,
        "100": 56.88,
        "200": 126.12
      },
      "butterfly": {
        "50": 22.27,
        "100": 49.45,
        "200": 110.73
      },
      "medley": {
        "200": 114.00,
        "400": 245.63
      }
    },
    "female": {
      "freestyle": {
        "50": 23.67,
        "100": 51.71,
        "200": 112.98,
        "400": 239.11,
        "800": 494.62,
        "1500": 940.31
      },
      "backstroke": {
        "50": 26.98,
        "100": 57.57,
        "200": 124.16
      },
      "breaststroke": {
        "50": 29.30,
        "100": 64.13,
        "200": 139.67
      },
      "butterfly": {
        "50": 24.43,
        "100": 55.48,
        "200": 122.75
      },
      "medley": {
        "200": 127.02,
        "400": 269.95
      }
    }
  }
}
