{
  "25m": {
    "libre": {
      "50": "00:20.16",
      "100": "00:44.84",
      "200": "01:39.50",
      "400": "03:32.25",
      "800": "07:23.42",
      "1500": "14:08.06"
    },
    "dos": {
      "50": "00:22.22",
      "100": "00:48.33",
      "200": "01:45.63"
    },
    "brasse": {
      "50": "00:25.25",
      "100": "00:55.41",
      "200": "02:00.16"
    },
    "papillon": {
      "50": "00:21.75",
      "100": "00:48.08",
      "200": "01:48.24"
    }
  },
  "50m": {
    "libre": {
      "50": "00:20.91",
      "100": "00:46.86",
      "200": "01:42.00",
      "400": "03:40.07",
      "800": "07:32.12",
      "1500": "14:31.02"
    },
    "dos": {
      "50": "00:23.71",
      "100": "00:51.85",
      "200": "01:51.92"
    },
    "brasse": {
      "50": "00:25.95",
      "100": "00:57.10",
      "200": "02:05.48"
    },
    "papillon": {
      "50": "00:22.27",
      "100": "00:49.45",
      "200": "01:50.73"
    }
  }
}
